{"interfaceLanguages":{"occ":[{"children":[{"title":"Classes","type":"groupMarker"},{"path":"\/documentation\/zendesksdk\/dispatchevent","title":"ZDKDispatchEvent","type":"class"},{"children":[{"title":"Instance Methods","type":"groupMarker"},{"path":"\/documentation\/zendesksdk\/messaging\/getunreadmessagecount()","title":"getUnreadMessageCount","type":"method"},{"path":"\/documentation\/zendesksdk\/messaging\/init","title":"init","type":"method"},{"path":"\/documentation\/zendesksdk\/messaging\/messagingviewcontroller()","title":"messagingViewController","type":"method"},{"title":"Type Properties","type":"groupMarker"},{"path":"\/documentation\/zendesksdk\/messaging\/delegate","title":"delegate","type":"property"}],"path":"\/documentation\/zendesksdk\/messaging","title":"ZDKMessaging","type":"class"},{"path":"\/documentation\/zendesksdk\/messagingfactoryparameters","title":"ZDKMessagingFactoryParameters","type":"class"},{"children":[{"title":"Instance Properties","type":"groupMarker"},{"path":"\/documentation\/zendesksdk\/messagingsettings\/description","title":"description","type":"property"},{"path":"\/documentation\/zendesksdk\/messagingsettings\/hash","title":"hash","type":"property"},{"title":"Instance Methods","type":"groupMarker"},{"path":"\/documentation\/zendesksdk\/messagingsettings\/isequal(_:)","title":"isEqual:","type":"method"}],"path":"\/documentation\/zendesksdk\/messagingsettings","title":"ZDKMessagingSettings","type":"class"},{"children":[{"title":"Instance Methods","type":"groupMarker"},{"path":"\/documentation\/zendesksdk\/pageview\/init(pagetitle:url:)","title":"initWithPageTitle:url:","type":"method"},{"path":"\/documentation\/zendesksdk\/pageview\/isequal(_:)","title":"isEqual:","type":"method"}],"path":"\/documentation\/zendesksdk\/pageview","title":"ZDKPageView","type":"class"},{"children":[{"title":"Instance Properties","type":"groupMarker"},{"path":"\/documentation\/zendesksdk\/zendesk\/messaging","title":"messaging","type":"property"},{"title":"Instance Methods","type":"groupMarker"},{"path":"\/documentation\/zendesksdk\/zendesk\/addeventobserver(_:_:)-7l829","title":"addEventObserver::","type":"method"},{"path":"\/documentation\/zendesksdk\/zendesk\/loginuser(with:completionhandler:)-29ava","title":"loginUserWith:completionHandler:","type":"method"},{"path":"\/documentation\/zendesksdk\/zendesk\/logoutuser(completionhandler:)-55qal","title":"logoutUserWithCompletionHandler:","type":"method"},{"path":"\/documentation\/zendesksdk\/zendesk\/removeeventobserver(_:)","title":"removeEventObserver:","type":"method"},{"path":"\/documentation\/zendesksdk\/zendesk\/sendpageviewevent(_:completionhandler:)-9xzdy","title":"sendPageViewEvent:completionHandler:","type":"method"},{"title":"Type Properties","type":"groupMarker"},{"path":"\/documentation\/zendesksdk\/zendesk\/instance","title":"instance","type":"property"},{"title":"Type Methods","type":"groupMarker"},{"path":"\/documentation\/zendesksdk\/zendesk\/initialize(channelkey:messagingfactory:completionhandler:)","title":"initializeWithChannelKey:messagingFactory:completionHandler:","type":"method"},{"path":"\/documentation\/zendesksdk\/zendesk\/invalidate()","title":"invalidate","type":"method"}],"path":"\/documentation\/zendesksdk\/zendesk","title":"Zendesk","type":"class"},{"children":[{"title":"Instance Properties","type":"groupMarker"},{"path":"\/documentation\/zendesksdk\/zendeskuser\/externalid","title":"externalId","type":"property"},{"path":"\/documentation\/zendesksdk\/zendeskuser\/id","title":"id","type":"property"}],"path":"\/documentation\/zendesksdk\/zendeskuser","title":"ZDKZendeskUser","type":"class"},{"title":"Protocols","type":"groupMarker"},{"children":[{"title":"Instance Methods","type":"groupMarker"},{"children":[{"title":"MessagingDelegate Implementations","type":"groupMarker"}],"path":"\/documentation\/zendesksdk\/messagingdelegate\/messaging(_:shouldhandleurl:from:)-5q2jt","title":"messaging:shouldHandleURL:from:","type":"method"}],"path":"\/documentation\/zendesksdk\/messagingdelegate","title":"ZDKMessagingDelegate","type":"protocol"},{"children":[{"title":"Instance Methods","type":"groupMarker"},{"path":"\/documentation\/zendesksdk\/messagingfactory\/createmessaging(with:)","title":"createMessagingWith:","type":"method"}],"path":"\/documentation\/zendesksdk\/messagingfactory","title":"MessagingFactory","type":"protocol"},{"title":"Variables","type":"groupMarker"},{"path":"\/documentation\/zendesksdk\/zendeskversionnumber","title":"ZendeskVersionNumber","type":"var"},{"path":"\/documentation\/zendesksdk\/zendeskversionstring","title":"ZendeskVersionString","type":"var"},{"title":"Enumerations","type":"groupMarker"},{"children":[{"title":"Enumeration Cases","type":"groupMarker"},{"path":"\/documentation\/zendesksdk\/urlsource\/carousel","title":"ZDKURLSourceCarousel","type":"case"},{"path":"\/documentation\/zendesksdk\/urlsource\/file","title":"ZDKURLSourceFile","type":"case"},{"path":"\/documentation\/zendesksdk\/urlsource\/image","title":"ZDKURLSourceImage","type":"case"},{"path":"\/documentation\/zendesksdk\/urlsource\/linkmessageaction","title":"ZDKURLSourceLinkMessageAction","type":"case"},{"path":"\/documentation\/zendesksdk\/urlsource\/text","title":"ZDKURLSourceText","type":"case"},{"path":"\/documentation\/zendesksdk\/urlsource\/webviewmessageaction","title":"ZDKURLSourceWebViewMessageAction","type":"case"}],"path":"\/documentation\/zendesksdk\/urlsource","title":"ZDKURLSource","type":"enum"},{"children":[{"title":"Enumeration Cases","type":"groupMarker"},{"path":"\/documentation\/zendesksdk\/zdkzendeskevent\/authenticationfailed","title":"ZDKZendeskEventAuthenticationFailed","type":"case"},{"path":"\/documentation\/zendesksdk\/zdkzendeskevent\/unreadmessagecountchanged","title":"ZDKZendeskEventUnreadMessageCountChanged","type":"case"}],"path":"\/documentation\/zendesksdk\/zdkzendeskevent","title":"ZDKZendeskEvent","type":"enum"}],"path":"\/documentation\/zendesksdk","title":"ZendeskSDK","type":"module"}],"swift":[{"children":[{"title":"Classes","type":"groupMarker"},{"children":[{"title":"Instance Properties","type":"groupMarker"},{"path":"\/documentation\/zendesksdk\/dispatchevent\/event","title":"let event: (ZendeskEvent) -> Void","type":"property"}],"path":"\/documentation\/zendesksdk\/dispatchevent","title":"DispatchEvent","type":"class"},{"children":[{"title":"Instance Methods","type":"groupMarker"},{"path":"\/documentation\/zendesksdk\/messaging\/getunreadmessagecount()","title":"func getUnreadMessageCount() -> Int","type":"method"},{"path":"\/documentation\/zendesksdk\/messaging\/messagingviewcontroller()","title":"func messagingViewController() -> UIViewController","type":"method"},{"title":"Type Properties","type":"groupMarker"},{"path":"\/documentation\/zendesksdk\/messaging\/delegate","title":"static var delegate: MessagingDelegate?","type":"property"}],"path":"\/documentation\/zendesksdk\/messaging","title":"Messaging","type":"class"},{"children":[{"title":"Instance Properties","type":"groupMarker"},{"path":"\/documentation\/zendesksdk\/messagingfactoryparameters\/conversationkit","title":"let conversationKit: ConversationKit","type":"property"},{"path":"\/documentation\/zendesksdk\/messagingfactoryparameters\/dispatchevent","title":"let dispatchEvent: DispatchEvent","type":"property"},{"path":"\/documentation\/zendesksdk\/messagingfactoryparameters\/featureflagmanager","title":"let featureFlagManager: FeatureFlagManager","type":"property"},{"path":"\/documentation\/zendesksdk\/messagingfactoryparameters\/messagingsettings","title":"let messagingSettings: MessagingSettings","type":"property"}],"path":"\/documentation\/zendesksdk\/messagingfactoryparameters","title":"MessagingFactoryParameters","type":"class"},{"children":[{"title":"Instance Properties","type":"groupMarker"},{"path":"\/documentation\/zendesksdk\/messagingsettings\/accountdescription","title":"let accountDescription: String?","type":"property"},{"path":"\/documentation\/zendesksdk\/messagingsettings\/brand","title":"let brand: String?","type":"property"},{"path":"\/documentation\/zendesksdk\/messagingsettings\/description","title":"var description: String","type":"property"},{"path":"\/documentation\/zendesksdk\/messagingsettings\/enabled","title":"let enabled: Bool","type":"property"},{"path":"\/documentation\/zendesksdk\/messagingsettings\/hash","title":"var hash: Int","type":"property"},{"path":"\/documentation\/zendesksdk\/messagingsettings\/integrationid","title":"let integrationId: String","type":"property"},{"path":"\/documentation\/zendesksdk\/messagingsettings\/logourl","title":"let logoURL: String?","type":"property"},{"path":"\/documentation\/zendesksdk\/messagingsettings\/theme","title":"let theme: ColorTheme","type":"property"},{"path":"\/documentation\/zendesksdk\/messagingsettings\/title","title":"let title: String","type":"property"},{"title":"Instance Methods","type":"groupMarker"},{"path":"\/documentation\/zendesksdk\/messagingsettings\/isequal(_:)","title":"func isEqual(Any?) -> Bool","type":"method"}],"path":"\/documentation\/zendesksdk\/messagingsettings","title":"MessagingSettings","type":"class"},{"children":[{"title":"Initializers","type":"groupMarker"},{"path":"\/documentation\/zendesksdk\/pageview\/init(pagetitle:url:)","title":"init(pageTitle: String, url: String)","type":"init"},{"title":"Instance Methods","type":"groupMarker"},{"path":"\/documentation\/zendesksdk\/pageview\/isequal(_:)","title":"func isEqual(Any?) -> Bool","type":"method"}],"path":"\/documentation\/zendesksdk\/pageview","title":"PageView","type":"class"},{"children":[{"title":"Instance Properties","type":"groupMarker"},{"path":"\/documentation\/zendesksdk\/zendesk\/messaging","title":"var messaging: Messaging?","type":"property"},{"title":"Instance Methods","type":"groupMarker"},{"path":"\/documentation\/zendesksdk\/zendesk\/addeventobserver(_:_:)-79141","title":"func addEventObserver(AnyObject, (ZendeskEvent) -> Void)","type":"method"},{"path":"\/documentation\/zendesksdk\/zendesk\/addeventobserver(_:_:)-7l829","title":"func addEventObserver(AnyObject, ((ZDKZendeskEvent, AnyObject?) -> Void)?)","type":"method"},{"path":"\/documentation\/zendesksdk\/zendesk\/loginuser(with:completionhandler:)-29ava","title":"func loginUser(with: String, completionHandler: ((ZendeskUser?, Error?) -> Void)?)","type":"method"},{"path":"\/documentation\/zendesksdk\/zendesk\/loginuser(with:completionhandler:)-63scj","title":"func loginUser(with: String, completionHandler: ((Result<ZendeskUser, Error>) -> Void)?)","type":"method"},{"path":"\/documentation\/zendesksdk\/zendesk\/logoutuser(completionhandler:)-48u24","title":"func logoutUser(completionHandler: ((Result<Void, Error>) -> Void)?)","type":"method"},{"path":"\/documentation\/zendesksdk\/zendesk\/logoutuser(completionhandler:)-55qal","title":"func logoutUser(completionHandler: ((Error?) -> Void)?)","type":"method"},{"path":"\/documentation\/zendesksdk\/zendesk\/removeeventobserver(_:)","title":"func removeEventObserver(AnyObject)","type":"method"},{"path":"\/documentation\/zendesksdk\/zendesk\/sendpageviewevent(_:completionhandler:)-4i6q0","title":"func sendPageViewEvent(PageView, completionHandler: (Result<Void, Error>) -> Void)","type":"method"},{"path":"\/documentation\/zendesksdk\/zendesk\/sendpageviewevent(_:completionhandler:)-9xzdy","title":"func sendPageViewEvent(PageView, completionHandler: ((Error?) -> Void)?)","type":"method"},{"title":"Type Properties","type":"groupMarker"},{"path":"\/documentation\/zendesksdk\/zendesk\/initializationphase","title":"static var initializationPhase: InitializationPhase","type":"property"},{"path":"\/documentation\/zendesksdk\/zendesk\/instance","title":"static var instance: Zendesk?","type":"property"},{"title":"Type Methods","type":"groupMarker"},{"path":"\/documentation\/zendesksdk\/zendesk\/initialize(channelkey:messagingfactory:completionhandler:)","title":"static func initialize(channelKey: String, messagingFactory: MessagingFactory?, completionHandler: ((Zendesk?, Error?) -> Void)?)","type":"method"},{"path":"\/documentation\/zendesksdk\/zendesk\/initialize(withchannelkey:messagingfactory:completionhandler:)","title":"class func initialize(withChannelKey: String, messagingFactory: MessagingFactory?, completionHandler: (Result<Zendesk, Error>) -> Void)","type":"method"},{"path":"\/documentation\/zendesksdk\/zendesk\/invalidate()","title":"static func invalidate()","type":"method"},{"title":"Default Implementations","type":"groupMarker"},{"children":[{"title":"Instance Properties","type":"groupMarker"},{"path":"\/documentation\/zendesksdk\/zendesk\/log-swift.property","title":"var log: Log","type":"property"},{"title":"Type Properties","type":"groupMarker"},{"path":"\/documentation\/zendesksdk\/zendesk\/log-swift.type.property","title":"static var log: Log","type":"property"},{"path":"\/documentation\/zendesksdk\/zendesk\/logcategory","title":"static var logCategory: String","type":"property"},{"path":"\/documentation\/zendesksdk\/zendesk\/lognamespace","title":"static var logNamespace: String","type":"property"}],"path":"\/documentation\/zendesksdk\/zendesk\/loggable-implementations","title":"Loggable Implementations","type":"symbol"}],"path":"\/documentation\/zendesksdk\/zendesk","title":"Zendesk","type":"class"},{"children":[{"title":"Initializers","type":"groupMarker"},{"path":"\/documentation\/zendesksdk\/zendeskuser\/init(from:)","title":"init(from: Decoder) throws","type":"init"},{"title":"Instance Properties","type":"groupMarker"},{"path":"\/documentation\/zendesksdk\/zendeskuser\/externalid","title":"let externalId: String","type":"property"},{"path":"\/documentation\/zendesksdk\/zendeskuser\/id","title":"let id: String","type":"property"}],"path":"\/documentation\/zendesksdk\/zendeskuser","title":"ZendeskUser","type":"class"},{"title":"Protocols","type":"groupMarker"},{"children":[{"title":"Instance Methods","type":"groupMarker"},{"children":[{"children":[{"path":"\/documentation\/zendesksdk\/messagingdelegate\/messaging(_:shouldhandleurl:from:)-97e18","title":"func messaging(Messaging, shouldHandleURL: URL, from: URLSource) -> Bool","type":"method"}],"title":"MessagingDelegate Implementations","type":"groupMarker"}],"path":"\/documentation\/zendesksdk\/messagingdelegate\/messaging(_:shouldhandleurl:from:)-5q2jt","title":"func messaging(Messaging, shouldHandleURL: URL, from: URLSource) -> Bool","type":"method"}],"path":"\/documentation\/zendesksdk\/messagingdelegate","title":"MessagingDelegate","type":"protocol"},{"children":[{"title":"Instance Methods","type":"groupMarker"},{"path":"\/documentation\/zendesksdk\/messagingfactory\/createmessaging(with:)","title":"func createMessaging(with: MessagingFactoryParameters) -> Messaging","type":"method"}],"path":"\/documentation\/zendesksdk\/messagingfactory","title":"MessagingFactory","type":"protocol"},{"title":"Structures","type":"groupMarker"},{"children":[{"title":"Instance Properties","type":"groupMarker"},{"path":"\/documentation\/zendesksdk\/colortheme\/actioncolor","title":"let actionColor: UIColor","type":"property"},{"path":"\/documentation\/zendesksdk\/colortheme\/messagecolor","title":"let messageColor: UIColor","type":"property"},{"path":"\/documentation\/zendesksdk\/colortheme\/notifycolor","title":"let notifyColor: UIColor","type":"property"},{"path":"\/documentation\/zendesksdk\/colortheme\/primarycolor","title":"let primaryColor: UIColor","type":"property"},{"title":"Default Implementations","type":"groupMarker"},{"children":[{"title":"Operators","type":"groupMarker"},{"path":"\/documentation\/zendesksdk\/colortheme\/!=(_:_:)","title":"static func != (Self, Self) -> Bool","type":"op"}],"path":"\/documentation\/zendesksdk\/colortheme\/equatable-implementations","title":"Equatable Implementations","type":"symbol"}],"path":"\/documentation\/zendesksdk\/colortheme","title":"ColorTheme","type":"struct"},{"title":"Variables","type":"groupMarker"},{"path":"\/documentation\/zendesksdk\/zendeskversionnumber","title":"var ZendeskVersionNumber: Double","type":"var"},{"title":"Enumerations","type":"groupMarker"},{"children":[{"title":"Enumeration Cases","type":"groupMarker"},{"path":"\/documentation\/zendesksdk\/initializationphase\/notprocessing","title":"case notProcessing","type":"case"},{"path":"\/documentation\/zendesksdk\/initializationphase\/processing","title":"case processing","type":"case"},{"title":"Default Implementations","type":"groupMarker"},{"children":[{"title":"Operators","type":"groupMarker"},{"path":"\/documentation\/zendesksdk\/initializationphase\/!=(_:_:)","title":"static func != (Self, Self) -> Bool","type":"op"}],"path":"\/documentation\/zendesksdk\/initializationphase\/equatable-implementations","title":"Equatable Implementations","type":"symbol"}],"path":"\/documentation\/zendesksdk\/initializationphase","title":"InitializationPhase","type":"enum"},{"children":[{"title":"Enumeration Cases","type":"groupMarker"},{"path":"\/documentation\/zendesksdk\/urlsource\/carousel","title":"case carousel","type":"case"},{"path":"\/documentation\/zendesksdk\/urlsource\/file","title":"case file","type":"case"},{"path":"\/documentation\/zendesksdk\/urlsource\/image","title":"case image","type":"case"},{"path":"\/documentation\/zendesksdk\/urlsource\/linkmessageaction","title":"case linkMessageAction","type":"case"},{"path":"\/documentation\/zendesksdk\/urlsource\/text","title":"case text","type":"case"},{"path":"\/documentation\/zendesksdk\/urlsource\/webviewmessageaction","title":"case webViewMessageAction","type":"case"},{"title":"Initializers","type":"groupMarker"},{"path":"\/documentation\/zendesksdk\/urlsource\/init(rawvalue:)","title":"init?(rawValue: Int)","type":"init"},{"title":"Default Implementations","type":"groupMarker"},{"children":[{"title":"Operators","type":"groupMarker"},{"path":"\/documentation\/zendesksdk\/urlsource\/!=(_:_:)","title":"static func != (Self, Self) -> Bool","type":"op"}],"path":"\/documentation\/zendesksdk\/urlsource\/equatable-implementations","title":"Equatable Implementations","type":"symbol"},{"children":[{"title":"Instance Properties","type":"groupMarker"},{"path":"\/documentation\/zendesksdk\/urlsource\/hashvalue","title":"var hashValue: Int","type":"property"},{"title":"Instance Methods","type":"groupMarker"},{"path":"\/documentation\/zendesksdk\/urlsource\/hash(into:)","title":"func hash(into: inout Hasher)","type":"method"}],"path":"\/documentation\/zendesksdk\/urlsource\/rawrepresentable-implementations","title":"RawRepresentable Implementations","type":"symbol"}],"path":"\/documentation\/zendesksdk\/urlsource","title":"URLSource","type":"enum"},{"children":[{"title":"Enumeration Cases","type":"groupMarker"},{"path":"\/documentation\/zendesksdk\/zdkzendeskevent\/authenticationfailed","title":"case authenticationFailed","type":"case"},{"path":"\/documentation\/zendesksdk\/zdkzendeskevent\/unreadmessagecountchanged","title":"case unreadMessageCountChanged","type":"case"},{"title":"Initializers","type":"groupMarker"},{"path":"\/documentation\/zendesksdk\/zdkzendeskevent\/init(rawvalue:)","title":"init?(rawValue: Int)","type":"init"},{"title":"Default Implementations","type":"groupMarker"},{"children":[{"title":"Operators","type":"groupMarker"},{"path":"\/documentation\/zendesksdk\/zdkzendeskevent\/!=(_:_:)","title":"static func != (Self, Self) -> Bool","type":"op"}],"path":"\/documentation\/zendesksdk\/zdkzendeskevent\/equatable-implementations","title":"Equatable Implementations","type":"symbol"},{"children":[{"title":"Instance Properties","type":"groupMarker"},{"path":"\/documentation\/zendesksdk\/zdkzendeskevent\/hashvalue","title":"var hashValue: Int","type":"property"},{"title":"Instance Methods","type":"groupMarker"},{"path":"\/documentation\/zendesksdk\/zdkzendeskevent\/hash(into:)","title":"func hash(into: inout Hasher)","type":"method"}],"path":"\/documentation\/zendesksdk\/zdkzendeskevent\/rawrepresentable-implementations","title":"RawRepresentable Implementations","type":"symbol"}],"path":"\/documentation\/zendesksdk\/zdkzendeskevent","title":"ZDKZendeskEvent","type":"enum"},{"children":[{"title":"Enumeration Cases","type":"groupMarker"},{"path":"\/documentation\/zendesksdk\/zendeskevent\/authenticationfailed(error:)","title":"case authenticationFailed(error: Error)","type":"case"},{"path":"\/documentation\/zendesksdk\/zendeskevent\/unreadmessagecountchanged(currentunreadcount:)","title":"case unreadMessageCountChanged(currentUnreadCount: Int)","type":"case"},{"title":"Default Implementations","type":"groupMarker"},{"children":[{"title":"Operators","type":"groupMarker"},{"path":"\/documentation\/zendesksdk\/zendeskevent\/!=(_:_:)","title":"static func != (Self, Self) -> Bool","type":"op"},{"path":"\/documentation\/zendesksdk\/zendeskevent\/==(_:_:)","title":"static func == (ZendeskEvent, ZendeskEvent) -> Bool","type":"op"}],"path":"\/documentation\/zendesksdk\/zendeskevent\/equatable-implementations","title":"Equatable Implementations","type":"symbol"}],"path":"\/documentation\/zendesksdk\/zendeskevent","title":"ZendeskEvent","type":"enum"}],"path":"\/documentation\/zendesksdk","title":"ZendeskSDK","type":"module"}]},"schemaVersion":{"major":0,"minor":1,"patch":0}}