{"interfaceLanguages":{"occ":[{"children":[{"title":"Classes","type":"groupMarker"},{"children":[{"title":"Instance Methods","type":"groupMarker"},{"path":"\/documentation\/zendesksdkmessaging\/defaultmessagingfactory\/createmessaging(with:)","title":"createMessagingWith:","type":"method"},{"path":"\/documentation\/zendesksdkmessaging\/defaultmessagingfactory\/init()","title":"init","type":"method"},{"path":"\/documentation\/zendesksdkmessaging\/defaultmessagingfactory\/init(userlightcolors:)","title":"initWithUserLightColors:","type":"method"},{"path":"\/documentation\/zendesksdkmessaging\/defaultmessagingfactory\/init(userlightcolors:userdarkcolors:)","title":"initWithUserLightColors:userDarkColors:","type":"method"}],"path":"\/documentation\/zendesksdkmessaging\/defaultmessagingfactory","title":"ZDKDefaultMessagingFactory","type":"class"},{"children":[{"title":"Type Methods","type":"groupMarker"},{"path":"\/documentation\/zendesksdkmessaging\/pushnotifications\/handletap(_:completion:)","title":"handleTap:completion:","type":"method"},{"path":"\/documentation\/zendesksdkmessaging\/pushnotifications\/shouldbedisplayed(_:)","title":"shouldBeDisplayed:","type":"method"},{"path":"\/documentation\/zendesksdkmessaging\/pushnotifications\/updatepushnotificationtoken(_:)","title":"updatePushNotificationToken:","type":"method"}],"path":"\/documentation\/zendesksdkmessaging\/pushnotifications","title":"ZDKPushNotifications","type":"class"},{"children":[{"title":"Instance Methods","type":"groupMarker"},{"path":"\/documentation\/zendesksdkmessaging\/usercolors\/init(onprimary:onmessage:onaction:)","title":"initOnPrimary:onMessage:onAction:","type":"method"}],"path":"\/documentation\/zendesksdkmessaging\/usercolors","title":"ZDKUserColors","type":"class"},{"title":"Variables","type":"groupMarker"},{"path":"\/documentation\/zendesksdkmessaging\/nativemessagingsdkversionnumber","title":"NativeMessagingSDKVersionNumber","type":"var"},{"path":"\/documentation\/zendesksdkmessaging\/nativemessagingsdkversionstring","title":"NativeMessagingSDKVersionString","type":"var"},{"title":"Enumerations","type":"groupMarker"},{"children":[{"title":"Enumeration Cases","type":"groupMarker"},{"path":"\/documentation\/zendesksdkmessaging\/pushresponsibility\/messagingshoulddisplay","title":"ZDKPushResponsibilityMessagingShouldDisplay","type":"case"},{"path":"\/documentation\/zendesksdkmessaging\/pushresponsibility\/messagingshouldnotdisplay","title":"ZDKPushResponsibilityMessagingShouldNotDisplay","type":"case"},{"path":"\/documentation\/zendesksdkmessaging\/pushresponsibility\/notfrommessaging","title":"ZDKPushResponsibilityNotFromMessaging","type":"case"}],"path":"\/documentation\/zendesksdkmessaging\/pushresponsibility","title":"ZDKPushResponsibility","type":"enum"}],"path":"\/documentation\/zendesksdkmessaging","title":"ZendeskSDKMessaging","type":"module"}],"swift":[{"children":[{"title":"Classes","type":"groupMarker"},{"children":[{"title":"Initializers","type":"groupMarker"},{"path":"\/documentation\/zendesksdkmessaging\/defaultmessagingfactory\/init()","title":"init()","type":"init"},{"path":"\/documentation\/zendesksdkmessaging\/defaultmessagingfactory\/init(userlightcolors:)","title":"init(userLightColors: UserColors)","type":"init"},{"path":"\/documentation\/zendesksdkmessaging\/defaultmessagingfactory\/init(userlightcolors:userdarkcolors:)","title":"init(userLightColors: UserColors, userDarkColors: UserColors)","type":"init"},{"title":"Instance Methods","type":"groupMarker"},{"path":"\/documentation\/zendesksdkmessaging\/defaultmessagingfactory\/createmessaging(with:)","title":"func createMessaging(with: MessagingFactoryParameters) -> Messaging","type":"method"}],"path":"\/documentation\/zendesksdkmessaging\/defaultmessagingfactory","title":"DefaultMessagingFactory","type":"class"},{"children":[{"title":"Type Methods","type":"groupMarker"},{"path":"\/documentation\/zendesksdkmessaging\/pushnotifications\/handletap(_:completion:)","title":"static func handleTap([AnyHashable : Any], completion: ((UIViewController?) -> Void)?)","type":"method"},{"path":"\/documentation\/zendesksdkmessaging\/pushnotifications\/shouldbedisplayed(_:)","title":"static func shouldBeDisplayed([AnyHashable : Any]) -> PushResponsibility","type":"method"},{"path":"\/documentation\/zendesksdkmessaging\/pushnotifications\/updatepushnotificationtoken(_:)","title":"static func updatePushNotificationToken(Data)","type":"method"}],"path":"\/documentation\/zendesksdkmessaging\/pushnotifications","title":"PushNotifications","type":"class"},{"children":[{"title":"Initializers","type":"groupMarker"},{"path":"\/documentation\/zendesksdkmessaging\/usercolors\/init(onprimary:onmessage:onaction:)","title":"init(onPrimary: UIColor?, onMessage: UIColor?, onAction: UIColor?)","type":"init"}],"path":"\/documentation\/zendesksdkmessaging\/usercolors","title":"UserColors","type":"class"},{"title":"Variables","type":"groupMarker"},{"path":"\/documentation\/zendesksdkmessaging\/nativemessagingsdkversionnumber","title":"var NativeMessagingSDKVersionNumber: Double","type":"var"},{"title":"Enumerations","type":"groupMarker"},{"children":[{"title":"Enumeration Cases","type":"groupMarker"},{"path":"\/documentation\/zendesksdkmessaging\/pushresponsibility\/messagingshoulddisplay","title":"case messagingShouldDisplay","type":"case"},{"path":"\/documentation\/zendesksdkmessaging\/pushresponsibility\/messagingshouldnotdisplay","title":"case messagingShouldNotDisplay","type":"case"},{"path":"\/documentation\/zendesksdkmessaging\/pushresponsibility\/notfrommessaging","title":"case notFromMessaging","type":"case"},{"title":"Initializers","type":"groupMarker"},{"path":"\/documentation\/zendesksdkmessaging\/pushresponsibility\/init(rawvalue:)","title":"init?(rawValue: Int)","type":"init"},{"title":"Default Implementations","type":"groupMarker"},{"children":[{"title":"Operators","type":"groupMarker"},{"path":"\/documentation\/zendesksdkmessaging\/pushresponsibility\/!=(_:_:)","title":"static func != (Self, Self) -> Bool","type":"op"}],"path":"\/documentation\/zendesksdkmessaging\/pushresponsibility\/equatable-implementations","title":"Equatable Implementations","type":"symbol"},{"children":[{"title":"Instance Properties","type":"groupMarker"},{"path":"\/documentation\/zendesksdkmessaging\/pushresponsibility\/hashvalue","title":"var hashValue: Int","type":"property"},{"title":"Instance Methods","type":"groupMarker"},{"path":"\/documentation\/zendesksdkmessaging\/pushresponsibility\/hash(into:)","title":"func hash(into: inout Hasher)","type":"method"}],"path":"\/documentation\/zendesksdkmessaging\/pushresponsibility\/rawrepresentable-implementations","title":"RawRepresentable Implementations","type":"symbol"}],"path":"\/documentation\/zendesksdkmessaging\/pushresponsibility","title":"PushResponsibility","type":"enum"}],"path":"\/documentation\/zendesksdkmessaging","title":"ZendeskSDKMessaging","type":"module"}]},"schemaVersion":{"major":0,"minor":1,"patch":0}}